Workbook

Sheet About
A1: TWYNTRUST FRAMEWORK · Quillfen Studio
A2: Statement of Applicability — ISO/IEC 42001:2023 Annex A
A3: Which of the 38 ISO/IEC 42001:2023 Annex A controls Quillfen Studio applies, to which AI systems, why, and how far each is implemented. Required by ISO/IEC 42001 clause 6.1.3. Also records how the Annex C objectives and risk sources were considered.
A5: Document ID | B5: IMS-SOA-002
A6: Version | B6: 2.0
A7: Prepared by | B7: Prof. Dr. Mohamed Fawzi Elgendi (Fawzooz), Fawzooz.ai
A8: License | B8: CC BY 4.0 — free to share and adapt, including commercially, with credit to Prof. Dr. Mohamed Fawzi Elgendi (Fawzooz), Fawzooz.ai · creativecommons.org/licenses/by/4.0
A9: Classification | B9: Internal
A10: Owner | B10: [Head of AI]
A11: Approved by | B11: [CEO] (Trust Council)
A12: Effective date | B12: 2026-11-01
A13: Kit folder | B13: 02 Gauge - Risk and Planning
A14: ISO/IEC 27001:2022 | B14: — (see IMS-SOA-001; related controls shown per row)
A15: ISO/IEC 42001:2023 | B15: 6.1.3 AI risk treatment / Statement of Applicability; Annex A; Annex C
A17: How to use this workbook
A18: • | B18: This is a SAMPLE filled in for the example company Quillfen Studio. Keep the structure, replace the example rows with your own.
A19: • | B19: Yellow cells are fill-in fields. Drop-down cells only accept the listed values.
A20: • | B20: Cells with formulas (scores, levels, due status) calculate automatically — do not type over them.
A21: • | B21: All 38 controls must be listed. If you exclude one, say why (for example, you do no AI development at all).
A22: • | B22: The 'AI systems' column shows where a control matters — useful when you have many systems with different roles.
A23: • | B23: The 'Related 27001' column shows where one piece of evidence can serve both standards.
A24: • | B24: Control names here are short paraphrases. Use your licensed copy of ISO/IEC 42001 (Annex A and the Annex B guidance) for the exact wording.
A26: Sheets
A27: SoA 42001 | B27: Status values: Implemented · Partially implemented · Planned · Not implemented · Excluded. R = treats a risk in IMS-REG-002 · L = legal/regulatory · C = contractual · B = business need / good practice. AI systems: AI-SYS-001 StoryFrame; AI-SYS-002 ScriptMate; AI-SYS-003 ArtistMatch; AI-SYS-004 SafeFrame; AI-SYS-005 CodeAssist.
A28: Annex C objectives | B28: Annex C lists objectives an organisation may pursue for AI. Record which ones you adopt and how — they feed IMS-REG-003.
A29: Annex C risk sources | B29: Annex C lists typical sources of AI risk. Rate how much each applies to you; high ones must appear in IMS-REG-002.
A30: Summary | B30: Counts update automatically from the SoA sheet.
A31: Approval | B31: Approved by top management with the AI risk treatment plan and residual risks.

Sheet SoA 42001
A1: Statement of Applicability — ISO/IEC 42001:2023 Annex A
A2: Status values: Implemented · Partially implemented · Planned · Not implemented · Excluded. R = treats a risk in IMS-REG-002 · L = legal/regulatory · C = contractual · B = business need / good practice. AI systems: AI-SYS-001 StoryFrame; AI-SYS-002 ScriptMate; AI-SYS-003 ArtistMatch; AI-SYS-004 SafeFrame; AI-SYS-005 CodeAssist.
A4: Control | B4: Control (short name) | C4: Control area | D4: Applicable? | E4: Reason | F4: AI systems | G4: Linked risks | H4: Status | I4: How we do it / evidence | J4: Owner | K4: Related 27001
A5: A.2.2 | B5: AI policy | C5: Policies related to AI | D5: Yes | E5: R,C,B | F5: All | G5: All | H5: Implemented | I5: IMS-POL-001 section 3.2 sets responsible-AI principles; approved by the Trust Council. | J5: CEO | K5: 5.1
A6: A.2.3 | B6: Alignment with other organisational policies | C6: Policies related to AI | D6: Yes | E6: B | F6: All | G6: — | H6: Implemented | I6: One integrated policy set; AI rules embedded in POL-002 to POL-006 rather than a separate silo. | J6: IMSC | K6: 5.1
A7: A.2.4 | B7: Review of the AI policy | C7: Policies related to AI | D7: Yes | E7: B | F7: All | G7: — | H7: Implemented | I7: Yearly review and after major change (new model, new law) — IMS-PRO-008 input. | J7: CAIO | K7: 5.1
A8: A.3.2 | B8: AI roles and responsibilities | C8: Internal organisation | D8: Yes | E8: B | F8: All | G8: All | H8: Implemented | I8: Head of AI as AIMS owner; named owner per AI system in IMS-REG-005; RACI in IMS-GOV-001. | J8: CEO | K8: 5.2
A9: A.3.3 | B9: Reporting of concerns | C9: Internal organisation | D9: Yes | E9: R,L | F9: All | G9: RSK-AI-002, RSK-AI-003 | H9: Implemented | I9: #trust-report, anonymous form, and an external address for artists and the public; no-retaliation rule. | J9: CAIO | K9: 6.8
A10: A.4.2 | B10: Resource documentation | C10: Resources for AI systems | D10: Yes | E10: B | F10: All | G10: — | H10: Implemented | I10: 'AI Resources' sheet in IMS-REG-005 lists data, tools, compute and people per system. | J10: HOD | K10: 5.9
A11: A.4.3 | B11: Data resources | C11: Resources for AI systems | D11: Yes | E11: R,L | F11: AI-SYS-001, AI-SYS-003 | G11: RSK-AI-001 | H11: Implemented | I11: Dataset register with provenance, licence/consent status and intended use. | J11: HOD | K11: 5.9, 5.32
A12: A.4.4 | B12: Tooling resources | C12: Resources for AI systems | D12: Yes | E12: B | F12: AI-SYS-001, AI-SYS-002, AI-SYS-003 | G12: — | H12: Implemented | I12: Training, evaluation and MLOps tools listed with versions in IMS-REG-005. | J12: HOD | K12: 5.9
A13: A.4.5 | B13: System and computing resources | C13: Resources for AI systems | D13: Yes | E13: B | F13: AI-SYS-001, AI-SYS-003 | G13: RSK-IS-004 | H13: Implemented | I13: GPU and API quotas, regions and capacity limits documented; energy use estimated per training run. | J13: SRE | K13: 8.6
A14: A.4.6 | B14: Human resources | C14: Resources for AI systems | D14: Yes | E14: R,L | F14: All | G14: — | H14: Partially implemented | I14: AI competence matrix in IMS-REG-004; AI-literacy training (EU AI Act Art. 4) rolling out to all staff. | J14: HOP | K14: 6.3
A15: A.5.2 | B15: AI system impact assessment process | C15: Assessing impacts | D15: Yes | E15: R,L | F15: All | G15: RSK-AI-002, RSK-AI-003 | H15: Implemented | I15: IMS-PRO-002 defines when and how impact assessments are done. | J15: CAIO | K15: —
... A42: A.10.4 | B42: Customers | C42: Third-party and customer relationships | D42: Yes | E42: C,L | F42: AI-SYS-001, AI-SYS-002, AI-SYS-003 | G42: RSK-AI-002 | H42: Implemented | I42: Customer terms set acceptable use, labelling duties and how we use (and do not use) their data. | J42: DPO | K42: 5.20

Sheet Annex C objectives
A1: Organisational objectives for AI considered (ISO/IEC 42001 Annex C)
A2: Annex C lists objectives an organisation may pursue for AI. Record which ones you adopt and how — they feed IMS-REG-003.
A4: Objective | B4: Relevant? | C4: How we pursue it | D4: Linked objective
A5: Accountability | B5: Yes | C5: Named owner per AI system; AI Release Review records | D5: OBJ-02
A6: AI expertise | B6: Yes | C6: AI competence matrix and hiring plan | D6: OBJ-05
A7: Availability and quality of training data | B7: Yes | C7: Dataset register, quality checks, licensed sources only | D7: OBJ-03
A8: Environmental impact | B8: Yes | C8: Training runs sized and logged; prefer fine-tuning over training from scratch | D8: —
A9: Fairness | B9: Yes | C9: ArtistMatch exposure-ratio monitoring; depiction tests for StoryFrame | D9: OBJ-06
A10: Maintainability | B10: Yes | C10: Versioned models and pipelines; documented retraining | D10: —
A11: Privacy | B11: Yes | C11: No training on customer data without opt-in; masking | D11: —
A12: Robustness | B12: Yes | C12: Red-teaming, prompt-injection tests, canary sets | D12: OBJ-02
A13: Safety | B13: Yes | C13: SafeFrame plus own likeness check; prohibited-content rules | D13: —
A14: Security | B14: Yes | C14: Integrated with the ISMS (IMS-SOA-001) | D14: OBJ-04
A15: Transparency and explainability | B15: Yes | C15: Labels, C2PA credentials, public ArtistMatch explanation | D15: —

Sheet Annex C risk sources
A1: AI risk sources considered (ISO/IEC 42001 Annex C)
A2: Annex C lists typical sources of AI risk. Rate how much each applies to you; high ones must appear in IMS-REG-002.
A4: Risk source | B4: Relevance | C4: Why / where it shows up
A5: Complexity of the environment | B5: Medium | C5: Open-ended creative prompts from many cultures and languages
A6: Lack of transparency and explainability | B6: High | C6: Image model behaviour is hard to explain; mitigated by documentation and labels
A7: Level of automation | B7: Medium | C7: Outputs are drafts refined by humans; ArtistMatch ranks automatically
A8: Risks related to machine learning | B8: High | C8: Training-data rights, bias, drift after supplier updates
A9: System hardware issues | B9: Low | C9: Cloud GPUs; capacity limits handled by quotas and fallbacks
A10: System life cycle issues | B10: Medium | C10: Frequent model updates; covered by gates and change management
A11: Technology readiness | B11: Medium | C11: Generative image models are new and fast-changing

Sheet Summary
A1: Implementation summary
A2: Counts update automatically from the SoA sheet.
A4: Control area | B4: Controls | C4: Implemented | D4: Partially implemented | E4: Planned | F4: Excluded
A5: Policies related to AI | B5: =COUNTIF('SoA 42001'!C:C,A5) | C5: =COUNTIFS('SoA 42001'!C:C,A5,'SoA 42001'!H:H,"Implemented") | D5: =COUNTIFS('SoA 42001'!C:C,A5,'SoA 42001'!H:H,"Partially implemented") | E5: =COUNTIFS('SoA 42001'!C:C,A5,'SoA 42001'!H:H,"Planned") | F5: =COUNTIFS('SoA 42001'!C:C,A5,'SoA 42001'!H:H,"Excluded")
A6: Internal organisation | B6: =COUNTIF('SoA 42001'!C:C,A6) | C6: =COUNTIFS('SoA 42001'!C:C,A6,'SoA 42001'!H:H,"Implemented") | D6: =COUNTIFS('SoA 42001'!C:C,A6,'SoA 42001'!H:H,"Partially implemented") | E6: =COUNTIFS('SoA 42001'!C:C,A6,'SoA 42001'!H:H,"Planned") | F6: =COUNTIFS('SoA 42001'!C:C,A6,'SoA 42001'!H:H,"Excluded")
A7: Resources for AI systems | B7: =COUNTIF('SoA 42001'!C:C,A7) | C7: =COUNTIFS('SoA 42001'!C:C,A7,'SoA 42001'!H:H,"Implemented") | D7: =COUNTIFS('SoA 42001'!C:C,A7,'SoA 42001'!H:H,"Partially implemented") | E7: =COUNTIFS('SoA 42001'!C:C,A7,'SoA 42001'!H:H,"Planned") | F7: =COUNTIFS('SoA 42001'!C:C,A7,'SoA 42001'!H:H,"Excluded")
A8: Assessing impacts | B8: =COUNTIF('SoA 42001'!C:C,A8) | C8: =COUNTIFS('SoA 42001'!C:C,A8,'SoA 42001'!H:H,"Implemented") | D8: =COUNTIFS('SoA 42001'!C:C,A8,'SoA 42001'!H:H,"Partially implemented") | E8: =COUNTIFS('SoA 42001'!C:C,A8,'SoA 42001'!H:H,"Planned") | F8: =COUNTIFS('SoA 42001'!C:C,A8,'SoA 42001'!H:H,"Excluded")
A9: AI system life cycle | B9: =COUNTIF('SoA 42001'!C:C,A9) | C9: =COUNTIFS('SoA 42001'!C:C,A9,'SoA 42001'!H:H,"Implemented") | D9: =COUNTIFS('SoA 42001'!C:C,A9,'SoA 42001'!H:H,"Partially implemented") | E9: =COUNTIFS('SoA 42001'!C:C,A9,'SoA 42001'!H:H,"Planned") | F9: =COUNTIFS('SoA 42001'!C:C,A9,'SoA 42001'!H:H,"Excluded")
A10: Data for AI systems | B10: =COUNTIF('SoA 42001'!C:C,A10) | C10: =COUNTIFS('SoA 42001'!C:C,A10,'SoA 42001'!H:H,"Implemented") | D10: =COUNTIFS('SoA 42001'!C:C,A10,'SoA 42001'!H:H,"Partially implemented") | E10: =COUNTIFS('SoA 42001'!C:C,A10,'SoA 42001'!H:H,"Planned") | F10: =COUNTIFS('SoA 42001'!C:C,A10,'SoA 42001'!H:H,"Excluded")
A11: Information for interested parties | B11: =COUNTIF('SoA 42001'!C:C,A11) | C11: =COUNTIFS('SoA 42001'!C:C,A11,'SoA 42001'!H:H,"Implemented") | D11: =COUNTIFS('SoA 42001'!C:C,A11,'SoA 42001'!H:H,"Partially implemented") | E11: =COUNTIFS('SoA 42001'!C:C,A11,'SoA 42001'!H:H,"Planned") | F11: =COUNTIFS('SoA 42001'!C:C,A11,'SoA 42001'!H:H,"Excluded")
A12: Use of AI systems | B12: =COUNTIF('SoA 42001'!C:C,A12) | C12: =COUNTIFS('SoA 42001'!C:C,A12,'SoA 42001'!H:H,"Implemented") | D12: =COUNTIFS('SoA 42001'!C:C,A12,'SoA 42001'!H:H,"Partially implemented") | E12: =COUNTIFS('SoA 42001'!C:C,A12,'SoA 42001'!H:H,"Planned") | F12: =COUNTIFS('SoA 42001'!C:C,A12,'SoA 42001'!H:H,"Excluded")
A13: Third-party and customer relationships | B13: =COUNTIF('SoA 42001'!C:C,A13) | C13: =COUNTIFS('SoA 42001'!C:C,A13,'SoA 42001'!H:H,"Implemented") | D13: =COUNTIFS('SoA 42001'!C:C,A13,'SoA 42001'!H:H,"Partially implemented") | E13: =COUNTIFS('SoA 42001'!C:C,A13,'SoA 42001'!H:H,"Planned") | F13: =COUNTIFS('SoA 42001'!C:C,A13,'SoA 42001'!H:H,"Excluded")
A14: Total | B14: =SUM(B5:B13) | C14: =SUM(C5:C13) | D14: =SUM(D5:D13) | E14: =SUM(E5:E13) | F14: =SUM(F5:F13)

Sheet Approval
A1: SoA approval
A2: Approved by top management with the AI risk treatment plan and residual risks.
A4: Version | B4: Date | C4: Approved by | D4: Decision | E4: Signature
A5: 2.0 | B5: 2026-10-21 | C5: [CEO] for the Trust Council | D5: Approved together with residual AI risks in IMS-REG-002 (RSK-AI-005 residual High accepted until 2027-01-31) | E5: [signature]
