Workbook

Sheet About
A1: TWYNTRUST FRAMEWORK · Quillfen Studio
A2: Integrated Risk Register and Treatment Plan
A3: Quillfen Studio's single register for information-security and AI risks, with the treatment plan, the scales and a live heat map. Built with the method in IMS-PRO-001.
A5: Document ID | B5: IMS-REG-002
A6: Version | B6: 2.0
A7: Prepared by | B7: Prof. Dr. Mohamed Fawzi Elgendi (Fawzooz), Fawzooz.ai
A8: License | B8: CC BY 4.0 — free to share and adapt, including commercially, with credit to Prof. Dr. Mohamed Fawzi Elgendi (Fawzooz), Fawzooz.ai · creativecommons.org/licenses/by/4.0
A9: Classification | B9: Internal
A10: Owner | B10: [Security Lead]
A11: Approved by | B11: [CEO] (Trust Council)
A12: Effective date | B12: 2026-11-01
A13: Kit folder | B13: 02 Gauge - Risk and Planning
A14: ISO/IEC 27001:2022 | B14: 6.1.2, 6.1.3, 8.2, 8.3; Annex A referenced per risk
A15: ISO/IEC 42001:2023 | B15: 6.1.2, 6.1.3, 8.2, 8.3; Annex A referenced per risk; inputs from 6.1.4 / 8.4
A17: How to use this workbook
A18: • | B18: This is a SAMPLE filled in for the example company Quillfen Studio. Keep the structure, replace the example rows with your own.
A19: • | B19: Yellow cells are fill-in fields. Drop-down cells only accept the listed values.
A20: • | B20: Cells with formulas (scores, levels, due status) calculate automatically — do not type over them.
A21: • | B21: Enter likelihood and impact as numbers 1–5. Score and level columns calculate themselves.
A22: • | B22: Every risk needs one named owner. Residual High risks need Trust Council acceptance (see IMS-PRO-001 section 9).
A23: • | B23: Write Annex A references in both control columns when a risk needs controls from both standards — then copy them into the two Statements of Applicability (IMS-SOA-001, IMS-SOA-002).
A24: • | B24: Save a dated copy every quarter so auditors can see how risks changed over time.
A26: Sheets
A27: Risk Register | B27: One row per risk. Scales are on the 'Scales' sheet; method in IMS-PRO-001 Risk Management Methodology (Information Security and AI). IS = information-security risk, AI = AI risk. Inherent = with today's controls; residual = after planned controls work.
A28: Treatment Plan | B28: Actions that put the planned controls in place. Each action belongs to a risk. 'Due status' calculates itself from the due date and status.
A29: Scales | B29: The same scales are used in IMS-PRO-001 Risk Management Methodology (Information Security and AI) and IMS-PRO-002 AI System Impact Assessment Procedure and Worked Example. Change them only by Trust Council decision, and everywhere at once.
A30: Heat map | B30: Counts of risks per likelihood × impact cell, calculated from the Risk Register with COUNTIFS. Compare the inherent and residual grids to show the effect of treatment.

Sheet Risk Register
A1: Integrated Risk Register (Information Security + AI)
A2: One row per risk. Scales are on the 'Scales' sheet; method in IMS-PRO-001 Risk Management Methodology (Information Security and AI). IS = information-security risk, AI = AI risk. Inherent = with today's controls; residual = after planned controls work.
A4: Risk ID | B4: Type | C4: Risk title | D4: Cause (threat / vulnerability / source) | E4: Consequence | F4: Affected system / asset | G4: Risk owner | H4: Inherent L | I4: Inherent I | J4: Inherent score | K4: Inherent level | L4: Existing controls | M4: Treatment option | N4: Planned controls — 27001 Annex A | O4: Planned controls — 42001 Annex A | P4: Residual L | Q4: Residual I | R4: Residual score | S4: Residual level | T4: Accepted by | U4: Next review | V4: Status
A5: RSK-AI-001 | B5: AI | C5: StoryFrame fine-tuning set contains artwork without valid consent or licence | D5: Bulk-licensed image packs and early commissions without a per-image consent record; artist opt-outs not propagated to the training set | E5: Copyright claims, artists' trust lost, model must be retrained; breach of Artist Agreement | F5: AI-SYS-001 StoryFrame | G5: [Data and ML Lead] | H5: 4 | I5: 4 | J5: =IF(OR(H5="",I5=""),"",H5*I5) | K5: =IF(J5="","",IF(J5>=16,"Critical",IF(J5>=10,"High",IF(J5>=5,"Medium","Low")))) | L5: Licence checks on new packs; consent ledger for commissions since 2025 | M5: Modify | N5: 5.32 | O5: A.7.3, A.7.5, A.4.3 | P5: 2 | Q5: 4 | R5: =IF(OR(P5="",Q5=""),"",P5*Q5) | S5: =IF(R5="","",IF(R5>=16,"Critical",IF(R5>=10,"High",IF(R5>=5,"Medium","Low")))) | T5: [Data and ML Lead] (risk owner) | U5: 2027-01-15 | V5: In progress
A6: RSK-AI-002 | B6: AI | C6: Prompt or filter bypass lets StoryFrame produce a deceptive deepfake of a real person | D6: Prompts naming real people or jailbreak phrasing get past the content filter | E6: Deceptive image harms a real person's reputation; EU AI Act deepfake duties breached; customer trust lost | F6: AI-SYS-001 StoryFrame | G6: [Head of AI] | H6: 3 | I6: 5 | J6: =IF(OR(H6="",I6=""),"",H6*I6) | K6: =IF(J6="","",IF(J6>=16,"Critical",IF(J6>=10,"High",IF(J6>=5,"Medium","Low")))) | L6: SafeFrame screening; visible AI label; C2PA content credentials | M6: Modify | N6: 8.16 | O6: A.6.2.4, A.6.2.6, A.10.3 | P6: 2 | Q6: 4 | R6: =IF(OR(P6="",Q6=""),"",P6*Q6) | S6: =IF(R6="","",IF(R6>=16,"Critical",IF(R6>=10,"High",IF(R6>=5,"Medium","Low")))) | T6: [Head of AI] (reported to Trust Council) | U6: 2027-03-31 | V6: In progress
A7: RSK-AI-003 | B7: AI | C7: ArtistMatch ranking systematically under-exposes new or non-English-portfolio artists | D7: Ranking features weight rating history and English-language tags heavily | E7: New and non-English-portfolio artists get fewer commissions and less income; unfair outcome | F7: AI-SYS-003 ArtistMatch | G7: [Head of AI] | H7: 4 | I7: 3 | J7: =IF(OR(H7="",I7=""),"",H7*I7) | K7: =IF(J7="","",IF(J7>=16,"Critical",IF(J7>=10,"High",IF(J7>=5,"Medium","Low")))) | L7: Manual monthly fairness review of exposure ratio | M7: Modify | N7: — | O7: A.5.2–A.5.4, A.6.2.4, A.8.2 | P7: 2 | Q7: 3 | R7: =IF(OR(P7="",Q7=""),"",P7*Q7) | S7: =IF(R7="","",IF(R7>=16,"Critical",IF(R7>=10,"High",IF(R7>=5,"Medium","Low")))) | T7: [Head of AI] (risk owner) | U7: 2027-01-15 | V7: In progress
A8: RSK-AI-004 | B8: AI | C8: ScriptMate hallucinates scenes or leaks one customer's script into another's session | D8: Model confabulates scenes; session context bug or shared cache mixes customers' scripts | E8: Wrong storyboards delivered; confidential unreleased script disclosed to another customer | F8: AI-SYS-002 ScriptMate | G8: [Head of AI] | H8: 3 | I8: 4 | J8: =IF(OR(H8="",I8=""),"",H8*I8) | K8: =IF(J8="","",IF(J8>=16,"Critical",IF(J8>=10,"High",IF(J8>=5,"Medium","Low")))) | L8: Zero-retention API terms; per-tenant session isolation; user can edit scene list | M8: Modify | N8: 8.11, 8.26 | O8: A.6.2.4, A.9.3 | P8: 1 | Q8: 4 | R8: =IF(OR(P8="",Q8=""),"",P8*Q8) | S8: =IF(R8="","",IF(R8>=16,"Critical",IF(R8>=10,"High",IF(R8>=5,"Medium","Low")))) | T8: [Head of AI] (risk owner) | U8: 2027-03-31 | V8: Implemented
A9: RSK-AI-005 | B9: AI | C9: SafeFrame vendor model update silently lowers detection of prohibited content | D9: Vendor ships model updates without notice; we did not pin versions or re-test after changes | E9: Prohibited or deceptive content reaches customers; harm to depicted people; regulatory exposure | F9: AI-SYS-004 SafeFrame | G9: [Creative Director] | H9: 3 | I9: 5 | J9: =IF(OR(H9="",I9=""),"",H9*I9) | K9: =IF(J9="","",IF(J9>=16,"Critical",IF(J9>=10,"High",IF(J9>=5,"Medium","Low")))) | L9: Weekly canary test set; vendor version pinning (since INC-2026-007) | M9: Modify | N9: 5.22 | O9: A.10.3, A.6.2.6 | P9: 2 | Q9: 5 | R9: =IF(OR(P9="",Q9=""),"",P9*Q9) | S9: =IF(R9="","",IF(R9>=16,"Critical",IF(R9>=10,"High",IF(R9>=5,"Medium","Low")))) | T9: Trust Council 2026-10-21, until 2027-01-31, pending CA-2026-004 | U9: 2027-01-31 | V9: In progress
A10: RSK-IS-001 | B10: IS | C10: Unreleased customer scripts exposed through a misconfigured storage bucket | D10: Bucket policy changed by hand outside infrastructure-as-code; no public-access guard | E10: Unreleased customer scripts exposed; notifiable breach; contract penalties | F10: AST-004 Customer scripts, prompts and project files | G10: [Platform Engineer] | H10: 3 | I10: 4 | J10: =IF(OR(H10="",I10=""),"",H10*I10) | K10: =IF(J10="","",IF(J10>=16,"Critical",IF(J10>=10,"High",IF(J10>=5,"Medium","Low")))) | L10: Encryption at rest; IaC for most buckets | M10: Modify | N10: 8.9, 8.12, 8.15, 5.23 | O10: — | P10: 1 | Q10: 4 | R10: =IF(OR(P10="",Q10=""),"",P10*Q10) | S10: =IF(R10="","",IF(R10>=16,"Critical",IF(R10>=10,"High",IF(R10>=5,"Medium","Low")))) | T10: [Platform Engineer] (risk owner) | U10: 2027-03-31 | V10: Implemented
A11: RSK-IS-002 | B11: IS | C11: Account takeover of an engineer through phishing leads to production access | D11: Credential phishing with relayed one-time codes against engineers | E11: Attacker reaches production; customer data and model weights stolen; notifiable breach | F11: AST-010 Staff identities, SSO and company laptops | G11: [Security Lead] | H11: 3 | I11: 5 | J11: =IF(OR(H11="",I11=""),"",H11*I11) | K11: =IF(J11="","",IF(J11>=16,"Critical",IF(J11>=10,"High",IF(J11>=5,"Medium","Low")))) | L11: SSO with app-based one-time codes; yearly awareness training | M11: Modify | N11: 5.17, 8.2, 8.5, 6.3 | O11: — | P11: 1 | Q11: 5 | R11: =IF(OR(P11="",Q11=""),"",P11*Q11) | S11: =IF(R11="","",IF(R11>=16,"Critical",IF(R11>=10,"High",IF(R11>=5,"Medium","Low")))) | T11: [Security Lead] (risk owner) | U11: 2027-03-31 | V11: Implemented
A12: RSK-IS-003 | B12: IS | C12: Secrets or source code pasted into unapproved AI tools by staff | D12: Staff use free AI chatbots to debug code or summarise documents | E12: Source code, API keys or customer data disclosed to an AI vendor and possibly used for training | F12: AST-009 Company source code repositories | G12: [Security Lead] | H12: 4 | I12: 3 | J12: =IF(OR(H12="",I12=""),"",H12*I12) | K12: =IF(J12="","",IF(J12>=16,"Critical",IF(J12>=10,"High",IF(J12>=5,"Medium","Low")))) | L12: Acceptable use guidance (informal); secret scanning in CI | M12: Modify | N12: 5.10, 6.3, 8.12 | O12: A.9.2, A.9.4 | P12: 2 | Q12: 3 | R12: =IF(OR(P12="",Q12=""),"",P12*Q12) | S12: =IF(R12="","",IF(R12>=16,"Critical",IF(R12>=10,"High",IF(R12>=5,"Medium","Low")))) | T12: [Security Lead] (risk owner) | U12: 2027-01-15 | V12: In progress
A13: RSK-IS-004 | B13: IS | C13: Loss of the primary cloud region stops Canvas and the API for more than a day | D13: Single-region deployment; restore process untested | E13: Canvas and API down for more than 24 hours; SLA credits; customers leave | F13: AST-001 Production cloud environment (AWS accounts, eu-west-1 and me-central-1) | G13: [Platform Engineer] | H13: 2 | I13: 4 | J13: =IF(OR(H13="",I13=""),"",H13*I13) | K13: =IF(J13="","",IF(J13>=16,"Critical",IF(J13>=10,"High",IF(J13>=5,"Medium","Low")))) | L13: Daily snapshots; multi-AZ database | M13: Modify | N13: 5.29, 5.30, 8.13, 8.14 | O13: — | P13: 2 | Q13: 2 | R13: =IF(OR(P13="",Q13=""),"",P13*Q13) | S13: =IF(R13="","",IF(R13>=16,"Critical",IF(R13>=10,"High",IF(R13>=5,"Medium","Low")))) | T13: [Platform Engineer] (risk owner) | U13: 2027-03-31 | V13: Implemented
A14: RSK-IS-005 | B14: IS | C14: Vulnerable open-source dependency exploited in the Canvas web app | D14: Outdated npm packages; no time-bound patching rule | E14: Remote code execution or data theft through the web app | F14: AST-002 Quillfen Canvas web application and its source code | G14: [CTO] | H14: 3 | I14: 4 | J14: =IF(OR(H14="",I14=""),"",H14*I14) | K14: =IF(J14="","",IF(J14>=16,"Critical",IF(J14>=10,"High",IF(J14>=5,"Medium","Low")))) | L14: Dependency scanning alerts in GitHub | M14: Modify | N14: 8.8, 8.25, 8.28, 8.29 | O14: — | P14: 2 | Q14: 3 | R14: =IF(OR(P14="",Q14=""),"",P14*Q14) | S14: =IF(R14="","",IF(R14>=16,"Critical",IF(R14>=10,"High",IF(R14>=5,"Medium","Low")))) | T14: [CTO] (risk owner) | U14: 2027-01-15 | V14: In progress
A15: RSK-IS-006 | B15: IS | C15: Former contractor keeps access to GitHub or AWS after the contract ends | D15: Contractor offboarding run by hiring managers; no automatic deprovisioning | E15: Source code or customer data accessed by someone with no business need | F15: AST-010 Staff identities, SSO and company laptops | G15: [Security Lead] | H15: 3 | I15: 3 | J15: =IF(OR(H15="",I15=""),"",H15*I15) | K15: =IF(J15="","",IF(J15>=16,"Critical",IF(J15>=10,"High",IF(J15>=5,"Medium","Low")))) | L15: Enterprise SSO for most tools | M15: Modify | N15: 5.11, 5.18, 6.5 | O15: — | P15: 1 | Q15: 3 | R15: =IF(OR(P15="",Q15=""),"",P15*Q15) | S15: =IF(R15="","",IF(R15>=16,"Critical",IF(R15>=10,"High",IF(R15>=5,"Medium","Low")))) | T15: [Security Lead] (risk owner) | U15: 2027-03-31 | V15: In progress
A16: RSK-IS-007 | B16: IS | C16: Ransomware on a company laptop encrypts synced business records | D16: Malicious attachment; sync client propagates encrypted files | E16: Finance and HR records unavailable for days; possible personal-data breach | F16: AST-011 Business records (finance, HR, contracts) | G16: [Security Lead] | H16: 2 | I16: 3 | J16: =IF(OR(H16="",I16=""),"",H16*I16) | K16: =IF(J16="","",IF(J16>=16,"Critical",IF(J16>=10,"High",IF(J16>=5,"Medium","Low")))) | L16: EDR on all laptops; SaaS version history | M16: Modify | N16: 8.1, 8.7, 8.13 | O16: — | P16: 1 | Q16: 3 | R16: =IF(OR(P16="",Q16=""),"",P16*Q16) | S16: =IF(R16="","",IF(R16>=16,"Critical",IF(R16>=10,"High",IF(R16>=5,"Medium","Low")))) | T16: [Security Lead] (risk owner) | U16: 2027-03-31 | V16: Implemented
... A23: RSK-AI-010 | B23: AI | C23: Customers publish StoryFrame images in adverts without the required AI disclosure | D23: Customers strip labels or credentials; terms do not explain their duties | E23: Audiences deceived; customer and our brand exposed under EU AI Act and advertising rules | F23: AI-SYS-001 StoryFrame | G23: [Privacy and Legal Lead] | H23: 3 | I23: 3 | J23: =IF(OR(H23="",I23=""),"",H23*I23) | K23: =IF(J23="","",IF(J23>=16,"Critical",IF(J23>=10,"High",IF(J23>=5,"Medium","Low")))) | L23: Visible label and C2PA credentials on export | M23: Share | N23: 5.31 | O23: A.8.2, A.9.4, A.10.4 | P23: 2 | Q23: 3 | R23: =IF(OR(P23="",Q23=""),"",P23*Q23) | S23: =IF(R23="","",IF(R23>=16,"Critical",IF(R23>=10,"High",IF(R23>=5,"Medium","Low")))) | T23: [Privacy and Legal Lead] (risk owner) | U23: 2027-03-31 | V23: Planned
A24: [RSK-IS-0xx] | B24: [IS or AI] | C24: [cause → event → consequence in one line] | D24: [cause] | E24: [who or what is harmed] | F24: [AST-0xx or AI-SYS-00x] | G24: [one named owner] | J24: =IF(OR(H24="",I24=""),"",H24*I24) | K24: =IF(J24="","",IF(J24>=16,"Critical",IF(J24>=10,"High",IF(J24>=5,"Medium","Low")))) | L24: [controls that work today] | N24: [e.g. 8.8] | O24: [e.g. A.6.2.4] | R24: =IF(OR(P24="",Q24=""),"",P24*Q24) | S24: =IF(R24="","",IF(R24>=16,"Critical",IF(R24>=10,"High",IF(R24>=5,"Medium","Low")))) | T24: [name, date] | U24: [yyyy-mm-dd] | V24: Open
J25: =IF(OR(H25="",I25=""),"",H25*I25) | K25: =IF(J25="","",IF(J25>=16,"Critical",IF(J25>=10,"High",IF(J25>=5,"Medium","Low")))) | R25: =IF(OR(P25="",Q25=""),"",P25*Q25) | S25: =IF(R25="","",IF(R25>=16,"Critical",IF(R25>=10,"High",IF(R25>=5,"Medium","Low"))))
J26: =IF(OR(H26="",I26=""),"",H26*I26) | K26: =IF(J26="","",IF(J26>=16,"Critical",IF(J26>=10,"High",IF(J26>=5,"Medium","Low")))) | R26: =IF(OR(P26="",Q26=""),"",P26*Q26) | S26: =IF(R26="","",IF(R26>=16,"Critical",IF(R26>=10,"High",IF(R26>=5,"Medium","Low"))))
J27: =IF(OR(H27="",I27=""),"",H27*I27) | K27: =IF(J27="","",IF(J27>=16,"Critical",IF(J27>=10,"High",IF(J27>=5,"Medium","Low")))) | R27: =IF(OR(P27="",Q27=""),"",P27*Q27) | S27: =IF(R27="","",IF(R27>=16,"Critical",IF(R27>=10,"High",IF(R27>=5,"Medium","Low"))))
J28: =IF(OR(H28="",I28=""),"",H28*I28) | K28: =IF(J28="","",IF(J28>=16,"Critical",IF(J28>=10,"High",IF(J28>=5,"Medium","Low")))) | R28: =IF(OR(P28="",Q28=""),"",P28*Q28) | S28: =IF(R28="","",IF(R28>=16,"Critical",IF(R28>=10,"High",IF(R28>=5,"Medium","Low"))))
J29: =IF(OR(H29="",I29=""),"",H29*I29) | K29: =IF(J29="","",IF(J29>=16,"Critical",IF(J29>=10,"High",IF(J29>=5,"Medium","Low")))) | R29: =IF(OR(P29="",Q29=""),"",P29*Q29) | S29: =IF(R29="","",IF(R29>=16,"Critical",IF(R29>=10,"High",IF(R29>=5,"Medium","Low"))))
J30: =IF(OR(H30="",I30=""),"",H30*I30) | K30: =IF(J30="","",IF(J30>=16,"Critical",IF(J30>=10,"High",IF(J30>=5,"Medium","Low")))) | R30: =IF(OR(P30="",Q30=""),"",P30*Q30) | S30: =IF(R30="","",IF(R30>=16,"Critical",IF(R30>=10,"High",IF(R30>=5,"Medium","Low"))))
J31: =IF(OR(H31="",I31=""),"",H31*I31) | K31: =IF(J31="","",IF(J31>=16,"Critical",IF(J31>=10,"High",IF(J31>=5,"Medium","Low")))) | R31: =IF(OR(P31="",Q31=""),"",P31*Q31) | S31: =IF(R31="","",IF(R31>=16,"Critical",IF(R31>=10,"High",IF(R31>=5,"Medium","Low"))))
J32: =IF(OR(H32="",I32=""),"",H32*I32) | K32: =IF(J32="","",IF(J32>=16,"Critical",IF(J32>=10,"High",IF(J32>=5,"Medium","Low")))) | R32: =IF(OR(P32="",Q32=""),"",P32*Q32) | S32: =IF(R32="","",IF(R32>=16,"Critical",IF(R32>=10,"High",IF(R32>=5,"Medium","Low"))))
J33: =IF(OR(H33="",I33=""),"",H33*I33) | K33: =IF(J33="","",IF(J33>=16,"Critical",IF(J33>=10,"High",IF(J33>=5,"Medium","Low")))) | R33: =IF(OR(P33="",Q33=""),"",P33*Q33) | S33: =IF(R33="","",IF(R33>=16,"Critical",IF(R33>=10,"High",IF(R33>=5,"Medium","Low"))))
J34: =IF(OR(H34="",I34=""),"",H34*I34) | K34: =IF(J34="","",IF(J34>=16,"Critical",IF(J34>=10,"High",IF(J34>=5,"Medium","Low")))) | R34: =IF(OR(P34="",Q34=""),"",P34*Q34) | S34: =IF(R34="","",IF(R34>=16,"Critical",IF(R34>=10,"High",IF(R34>=5,"Medium","Low"))))
J35: =IF(OR(H35="",I35=""),"",H35*I35) | K35: =IF(J35="","",IF(J35>=16,"Critical",IF(J35>=10,"High",IF(J35>=5,"Medium","Low")))) | R35: =IF(OR(P35="",Q35=""),"",P35*Q35) | S35: =IF(R35="","",IF(R35>=16,"Critical",IF(R35>=10,"High",IF(R35>=5,"Medium","Low"))))
J36: =IF(OR(H36="",I36=""),"",H36*I36) | K36: =IF(J36="","",IF(J36>=16,"Critical",IF(J36>=10,"High",IF(J36>=5,"Medium","Low")))) | R36: =IF(OR(P36="",Q36=""),"",P36*Q36) | S36: =IF(R36="","",IF(R36>=16,"Critical",IF(R36>=10,"High",IF(R36>=5,"Medium","Low"))))
... J54: =IF(OR(H54="",I54=""),"",H54*I54) | K54: =IF(J54="","",IF(J54>=16,"Critical",IF(J54>=10,"High",IF(J54>=5,"Medium","Low")))) | R54: =IF(OR(P54="",Q54=""),"",P54*Q54) | S54: =IF(R54="","",IF(R54>=16,"Critical",IF(R54>=10,"High",IF(R54>=5,"Medium","Low"))))

Sheet Treatment Plan
A1: Risk Treatment Plan
A2: Actions that put the planned controls in place. Each action belongs to a risk. 'Due status' calculates itself from the due date and status.
A4: Action ID | B4: Risk ID | C4: Action | D4: Owner | E4: Control refs (27001; 42001) | F4: Due date | G4: Status | H4: Due status | I4: Evidence
A5: TP-01 | B5: RSK-AI-001 | C5: Audit every image in the fine-tuning set against the consent ledger; remove unverified images and retrain | D5: [Data and ML Lead] | E5: 5.32; A.7.3, A.7.5, A.4.3 | F5: 46295 | G5: In progress | H5: =IF(F5="","",IF(G5="Done","Done",IF(F5<TODAY(),"Overdue","On track"))) | I5: Audit report; dataset hash before/after
A6: TP-02 | B6: RSK-AI-001 | C6: Automate opt-out propagation from Commons profile to the training-data exclusion list | D6: [Data and ML Lead] | E6: 5.32; A.7.3, A.7.5, A.4.3 | F6: 46371 | G6: In progress | H6: =IF(F6="","",IF(G6="Done","Done",IF(F6<TODAY(),"Overdue","On track"))) | I6: Pipeline run log; test opt-out record
A7: TP-03 | B7: RSK-AI-002 | C7: Add named-person likeness check before image delivery | D7: [Head of AI] | E7: 8.16; A.6.2.4, A.6.2.6, A.10.3 | F7: 46265 | G7: Done | H7: =IF(F7="","",IF(G7="Done","Done",IF(F7<TODAY(),"Overdue","On track"))) | I7: Release record; red-team rerun 0/200 bypasses
A8: TP-04 | B8: RSK-AI-002 | C8: Quarterly red-team of deepfake prompts with Artist Advisory Panel member | D8: [Head of AI] | E8: 8.16; A.6.2.4, A.6.2.6, A.10.3 | F8: 46387 | G8: In progress | H8: =IF(F8="","",IF(G8="Done","Done",IF(F8<TODAY(),"Overdue","On track"))) | I8: Red-team reports
A9: TP-05 | B9: RSK-AI-003 | C9: Add exposure-boost slot for new artists and automatic alert when ratio < 0.8 | D9: [Head of AI] | E9: A.5.2–A.5.4, A.6.2.4, A.8.2 | F9: 46356 | G9: In progress | H9: =IF(F9="","",IF(G9="Done","Done",IF(F9<TODAY(),"Overdue","On track"))) | I9: Model card update; alert config (OFI-2026-05)
A10: TP-06 | B10: RSK-AI-005 | C10: CA-2026-004: model-change notice and version-pinning clause in SafeFrame agreement and AI supplier template | D10: [Privacy and Legal Lead] | E10: 5.22; A.10.3, A.6.2.6 | F10: 46356 | G10: In progress | H10: =IF(F10="","",IF(G10="Done","Done",IF(F10<TODAY(),"Overdue","On track"))) | I10: Signed contract amendment
A11: TP-07 | B11: RSK-AI-005 | C11: Run canary test set daily for 30 days after INC-2026-007, then weekly with alerting | D11: [Creative Director] | E11: 5.22; A.10.3, A.6.2.6 | F11: 46280 | G11: Done | H11: =IF(F11="","",IF(G11="Done","Done",IF(F11<TODAY(),"Overdue","On track"))) | I11: Canary dashboard export
A12: TP-08 | B12: RSK-IS-001 | C12: Account-level public-access block and IaC drift detection on all buckets | D12: [Platform Engineer] | E12: 8.9, 8.12, 8.15, 5.23 | F12: 46203 | G12: Done | H12: =IF(F12="","",IF(G12="Done","Done",IF(F12<TODAY(),"Overdue","On track"))) | I12: Cloud config screenshot; CI policy check
A13: TP-09 | B13: RSK-IS-002 | C13: Roll out passkeys / security keys to all staff and contractors | D13: [Security Lead] | E13: 5.17, 8.2, 8.5, 6.3 | F13: 46234 | G13: Done | H13: =IF(F13="","",IF(G13="Done","Done",IF(F13<TODAY(),"Overdue","On track"))) | I13: Identity provider MFA report: 100% phishing-resistant
A14: TP-10 | B14: RSK-IS-002 | C14: Just-in-time production access with approval and 4-hour expiry | D14: [Security Lead] | E14: 5.17, 8.2, 8.5, 6.3 | F14: 46265 | G14: Done | H14: =IF(F14="","",IF(G14="Done","Done",IF(F14<TODAY(),"Overdue","On track"))) | I14: Access request log
A15: TP-11 | B15: RSK-IS-003 | C15: Publish generative-AI rules in the Acceptable Use Policy and block unapproved AI tools on managed laptops | D15: [Security Lead] | E15: 5.10, 6.3, 8.12; A.9.2, A.9.4 | F15: 46326 | G15: In progress | H15: =IF(F15="","",IF(G15="Done","Done",IF(F15<TODAY(),"Overdue","On track"))) | I15: IMS-POL-005 v2; web-filter rule
A16: TP-12 | B16: RSK-IS-005 | C16: Patch SLA in CI: build fails on critical vulnerabilities older than 7 days | D16: [CTO] | E16: 8.8, 8.25, 8.28, 8.29 | F16: 46310 | G16: In progress | H16: =IF(F16="","",IF(G16="Done","Done",IF(F16<TODAY(),"Overdue","On track"))) | I16: CI policy; vulnerability age report
... A20: TP-16 | B20: RSK-AI-010 | C20: Update customer terms with AI-disclosure duties and in-app reminder at export | D20: [Privacy and Legal Lead] | E20: 5.31; A.8.2, A.9.4, A.10.4 | F20: 46387 | G20: Not started | H20: =IF(F20="","",IF(G20="Done","Done",IF(F20<TODAY(),"Overdue","On track"))) | I20: Terms v4; UI release note
A21: [TP-xx] | B21: [RSK-..] | C21: [what will be done] | D21: [owner] | E21: [Annex A refs] | F21: [due date] | G21: Not started | H21: =IF(F21="","",IF(G21="Done","Done",IF(F21<TODAY(),"Overdue","On track"))) | I21: [where the proof will be]
H22: =IF(F22="","",IF(G22="Done","Done",IF(F22<TODAY(),"Overdue","On track")))
H23: =IF(F23="","",IF(G23="Done","Done",IF(F23<TODAY(),"Overdue","On track")))
H24: =IF(F24="","",IF(G24="Done","Done",IF(F24<TODAY(),"Overdue","On track")))
H25: =IF(F25="","",IF(G25="Done","Done",IF(F25<TODAY(),"Overdue","On track")))
H26: =IF(F26="","",IF(G26="Done","Done",IF(F26<TODAY(),"Overdue","On track")))
H27: =IF(F27="","",IF(G27="Done","Done",IF(F27<TODAY(),"Overdue","On track")))
H28: =IF(F28="","",IF(G28="Done","Done",IF(F28<TODAY(),"Overdue","On track")))
H29: =IF(F29="","",IF(G29="Done","Done",IF(F29<TODAY(),"Overdue","On track")))
H30: =IF(F30="","",IF(G30="Done","Done",IF(F30<TODAY(),"Overdue","On track")))
H31: =IF(F31="","",IF(G31="Done","Done",IF(F31<TODAY(),"Overdue","On track")))
H32: =IF(F32="","",IF(G32="Done","Done",IF(F32<TODAY(),"Overdue","On track")))
H33: =IF(F33="","",IF(G33="Done","Done",IF(F33<TODAY(),"Overdue","On track")))
... H51: =IF(F51="","",IF(G51="Done","Done",IF(F51<TODAY(),"Overdue","On track")))

Sheet Scales
A1: Risk scales and treatment options
A2: The same scales are used in IMS-PRO-001 Risk Management Methodology (Information Security and AI) and IMS-PRO-002 AI System Impact Assessment Procedure and Worked Example. Change them only by Trust Council decision, and everywhere at once.
A4: Scale | B4: Value | C4: Name | D4: Meaning
A5: Likelihood (L)
A6: Likelihood | B6: 1 | C6: Rare | D6: Not expected in the next 3 years
A7: Likelihood | B7: 2 | C7: Unlikely | D7: Could happen once in 2–3 years
A8: Likelihood | B8: 3 | C8: Possible | D8: Could happen about once a year
A9: Likelihood | B9: 4 | C9: Likely | D9: Expected several times a year
A10: Likelihood | B10: 5 | C10: Almost certain | D10: Expected monthly or already happening
A11: Impact (I)
A12: Impact | B12: 1 | C12: Negligible | D12: No harm to people; cost < USD 5k; nobody outside notices
A13: Impact | B13: 2 | C13: Minor | D13: Short inconvenience for a few users or artists; < USD 25k; one customer complaint
A14: Impact | B14: 3 | C14: Moderate | D14: Noticeable harm, unfair outcome or data exposure for a limited group; < USD 100k; a customer escalates or a regulator asks questions
A15: Impact | B15: 4 | C15: Major | D15: Serious harm to people or rights, notifiable data breach, IP infringement claim; < USD 500k; loss of a key customer
A16: Impact | B16: 5 | C16: Severe | D16: Harm to a vulnerable person, widespread unfair or deceptive outcomes, or > USD 500k; threatens the company's survival or market access
A17: Risk level (score = L × I)
A18: Level | B18: 1–4 | C18: Low | D18: Accept; risk owner monitors
A19: Level | B19: 5–9 | C19: Medium | D19: Treat, or accept by the risk owner; review every 6 months
A20: Level | B20: 10–15 | C20: High | D20: Must treat; residual acceptance only by the Security Lead or Head of AI plus the Trust Council
A21: Level | B21: 16–25 | C21: Critical | D21: Not acceptable; stop, redesign or withdraw; tell the CEO within 24 hours
A22: Treatment options
A23: Treatment | C23: Modify | D23: Add or improve controls to reduce likelihood or impact
A24: Treatment | C24: Avoid | D24: Stop or change the activity that creates the risk
A25: Treatment | C25: Share | D25: Transfer part of the impact by contract, insurance or supplier
A26: Treatment | C26: Retain | D26: Accept as it is, within the acceptance rules in IMS-PRO-001

Sheet Heat map
A1: Risk heat map (calculated)
A2: Counts of risks per likelihood × impact cell, calculated from the Risk Register with COUNTIFS. Compare the inherent and residual grids to show the effect of treatment.
A4: Likelihood ↓ / Impact → | B4: 1 Negligible | C4: 2 Minor | D4: 3 Moderate | E4: 4 Major | F4: 5 Severe | G4: Total
A5: INHERENT RISK — number of risks in each cell
A6: 5 Almost certain | B6: =COUNTIFS('Risk Register'!$H$5:$H$600,5,'Risk Register'!$I$5:$I$600,1) | C6: =COUNTIFS('Risk Register'!$H$5:$H$600,5,'Risk Register'!$I$5:$I$600,2) | D6: =COUNTIFS('Risk Register'!$H$5:$H$600,5,'Risk Register'!$I$5:$I$600,3) | E6: =COUNTIFS('Risk Register'!$H$5:$H$600,5,'Risk Register'!$I$5:$I$600,4) | F6: =COUNTIFS('Risk Register'!$H$5:$H$600,5,'Risk Register'!$I$5:$I$600,5) | G6: =SUM(B6:F6)
A7: 4 Likely | B7: =COUNTIFS('Risk Register'!$H$5:$H$600,4,'Risk Register'!$I$5:$I$600,1) | C7: =COUNTIFS('Risk Register'!$H$5:$H$600,4,'Risk Register'!$I$5:$I$600,2) | D7: =COUNTIFS('Risk Register'!$H$5:$H$600,4,'Risk Register'!$I$5:$I$600,3) | E7: =COUNTIFS('Risk Register'!$H$5:$H$600,4,'Risk Register'!$I$5:$I$600,4) | F7: =COUNTIFS('Risk Register'!$H$5:$H$600,4,'Risk Register'!$I$5:$I$600,5) | G7: =SUM(B7:F7)
A8: 3 Possible | B8: =COUNTIFS('Risk Register'!$H$5:$H$600,3,'Risk Register'!$I$5:$I$600,1) | C8: =COUNTIFS('Risk Register'!$H$5:$H$600,3,'Risk Register'!$I$5:$I$600,2) | D8: =COUNTIFS('Risk Register'!$H$5:$H$600,3,'Risk Register'!$I$5:$I$600,3) | E8: =COUNTIFS('Risk Register'!$H$5:$H$600,3,'Risk Register'!$I$5:$I$600,4) | F8: =COUNTIFS('Risk Register'!$H$5:$H$600,3,'Risk Register'!$I$5:$I$600,5) | G8: =SUM(B8:F8)
A9: 2 Unlikely | B9: =COUNTIFS('Risk Register'!$H$5:$H$600,2,'Risk Register'!$I$5:$I$600,1) | C9: =COUNTIFS('Risk Register'!$H$5:$H$600,2,'Risk Register'!$I$5:$I$600,2) | D9: =COUNTIFS('Risk Register'!$H$5:$H$600,2,'Risk Register'!$I$5:$I$600,3) | E9: =COUNTIFS('Risk Register'!$H$5:$H$600,2,'Risk Register'!$I$5:$I$600,4) | F9: =COUNTIFS('Risk Register'!$H$5:$H$600,2,'Risk Register'!$I$5:$I$600,5) | G9: =SUM(B9:F9)
A10: 1 Rare | B10: =COUNTIFS('Risk Register'!$H$5:$H$600,1,'Risk Register'!$I$5:$I$600,1) | C10: =COUNTIFS('Risk Register'!$H$5:$H$600,1,'Risk Register'!$I$5:$I$600,2) | D10: =COUNTIFS('Risk Register'!$H$5:$H$600,1,'Risk Register'!$I$5:$I$600,3) | E10: =COUNTIFS('Risk Register'!$H$5:$H$600,1,'Risk Register'!$I$5:$I$600,4) | F10: =COUNTIFS('Risk Register'!$H$5:$H$600,1,'Risk Register'!$I$5:$I$600,5) | G10: =SUM(B10:F10)
A11: Total | B11: =SUM(B6:B10) | C11: =SUM(C6:C10) | D11: =SUM(D6:D10) | E11: =SUM(E6:E10) | F11: =SUM(F6:F10) | G11: =SUM(G6:G10)
A12: RESIDUAL RISK — number of risks in each cell
A13: 5 Almost certain | B13: =COUNTIFS('Risk Register'!$P$5:$P$600,5,'Risk Register'!$Q$5:$Q$600,1) | C13: =COUNTIFS('Risk Register'!$P$5:$P$600,5,'Risk Register'!$Q$5:$Q$600,2) | D13: =COUNTIFS('Risk Register'!$P$5:$P$600,5,'Risk Register'!$Q$5:$Q$600,3) | E13: =COUNTIFS('Risk Register'!$P$5:$P$600,5,'Risk Register'!$Q$5:$Q$600,4) | F13: =COUNTIFS('Risk Register'!$P$5:$P$600,5,'Risk Register'!$Q$5:$Q$600,5) | G13: =SUM(B13:F13)
A14: 4 Likely | B14: =COUNTIFS('Risk Register'!$P$5:$P$600,4,'Risk Register'!$Q$5:$Q$600,1) | C14: =COUNTIFS('Risk Register'!$P$5:$P$600,4,'Risk Register'!$Q$5:$Q$600,2) | D14: =COUNTIFS('Risk Register'!$P$5:$P$600,4,'Risk Register'!$Q$5:$Q$600,3) | E14: =COUNTIFS('Risk Register'!$P$5:$P$600,4,'Risk Register'!$Q$5:$Q$600,4) | F14: =COUNTIFS('Risk Register'!$P$5:$P$600,4,'Risk Register'!$Q$5:$Q$600,5) | G14: =SUM(B14:F14)
A15: 3 Possible | B15: =COUNTIFS('Risk Register'!$P$5:$P$600,3,'Risk Register'!$Q$5:$Q$600,1) | C15: =COUNTIFS('Risk Register'!$P$5:$P$600,3,'Risk Register'!$Q$5:$Q$600,2) | D15: =COUNTIFS('Risk Register'!$P$5:$P$600,3,'Risk Register'!$Q$5:$Q$600,3) | E15: =COUNTIFS('Risk Register'!$P$5:$P$600,3,'Risk Register'!$Q$5:$Q$600,4) | F15: =COUNTIFS('Risk Register'!$P$5:$P$600,3,'Risk Register'!$Q$5:$Q$600,5) | G15: =SUM(B15:F15)
A16: 2 Unlikely | B16: =COUNTIFS('Risk Register'!$P$5:$P$600,2,'Risk Register'!$Q$5:$Q$600,1) | C16: =COUNTIFS('Risk Register'!$P$5:$P$600,2,'Risk Register'!$Q$5:$Q$600,2) | D16: =COUNTIFS('Risk Register'!$P$5:$P$600,2,'Risk Register'!$Q$5:$Q$600,3) | E16: =COUNTIFS('Risk Register'!$P$5:$P$600,2,'Risk Register'!$Q$5:$Q$600,4) | F16: =COUNTIFS('Risk Register'!$P$5:$P$600,2,'Risk Register'!$Q$5:$Q$600,5) | G16: =SUM(B16:F16)
A17: 1 Rare | B17: =COUNTIFS('Risk Register'!$P$5:$P$600,1,'Risk Register'!$Q$5:$Q$600,1) | C17: =COUNTIFS('Risk Register'!$P$5:$P$600,1,'Risk Register'!$Q$5:$Q$600,2) | D17: =COUNTIFS('Risk Register'!$P$5:$P$600,1,'Risk Register'!$Q$5:$Q$600,3) | E17: =COUNTIFS('Risk Register'!$P$5:$P$600,1,'Risk Register'!$Q$5:$Q$600,4) | F17: =COUNTIFS('Risk Register'!$P$5:$P$600,1,'Risk Register'!$Q$5:$Q$600,5) | G17: =SUM(B17:F17)
A18: Total | B18: =SUM(B13:B17) | C18: =SUM(C13:C17) | D18: =SUM(D13:D17) | E18: =SUM(E13:E17) | F18: =SUM(F13:F17) | G18: =SUM(G13:G17)
A19: RISK LEVEL OF EACH CELL (key)
A20: 5 Almost certain | B20: Medium | C20: High | D20: High | E20: Critical | F20: Critical
A21: 4 Likely | B21: Low | C21: Medium | D21: High | E21: Critical | F21: Critical
A22: 3 Possible | B22: Low | C22: Medium | D22: Medium | E22: High | F22: High
A23: 2 Unlikely | B23: Low | C23: Low | D23: Medium | E23: Medium | F23: High
A24: 1 Rare | B24: Low | C24: Low | D24: Low | E24: Low | F24: Medium
