Workbook

Sheet About
A1: TWYNTRUST FRAMEWORK · Quillfen Studio
A2: Statement of Applicability — ISO/IEC 27001:2022 Annex A
A3: Which of the 93 ISO/IEC 27001:2022 Annex A controls Quillfen Studio applies, why, how far each one is implemented, and where the evidence is. Required by ISO/IEC 27001 clause 6.1.3 d).
A5: Document ID | B5: IMS-SOA-001
A6: Version | B6: 2.0
A7: Prepared by | B7: Prof. Dr. Mohamed Fawzi Elgendi (Fawzooz), Fawzooz.ai
A8: License | B8: CC BY 4.0 — free to share and adapt, including commercially, with credit to Prof. Dr. Mohamed Fawzi Elgendi (Fawzooz), Fawzooz.ai · creativecommons.org/licenses/by/4.0
A9: Classification | B9: Internal
A10: Owner | B10: [Security Lead]
A11: Approved by | B11: [CEO] (Trust Council)
A12: Effective date | B12: 2026-11-01
A13: Kit folder | B13: 02 Gauge - Risk and Planning
A14: ISO/IEC 27001:2022 | B14: 6.1.3 d) Statement of Applicability; Annex A
A15: ISO/IEC 42001:2023 | B15: — (see IMS-SOA-002)
A17: How to use this workbook
A18: • | B18: This is a SAMPLE filled in for the example company Quillfen Studio. Keep the structure, replace the example rows with your own.
A19: • | B19: Yellow cells are fill-in fields. Drop-down cells only accept the listed values.
A20: • | B20: Cells with formulas (scores, levels, due status) calculate automatically — do not type over them.
A21: • | B21: Every Annex A control must appear, including the ones you exclude — with a reason for each exclusion.
A22: • | B22: Applicability comes from your risk treatment (IMS-REG-002), legal and contractual requirements, and business needs. Reason codes: R = treats a risk in IMS-REG-002 · L = legal/regulatory · C = contractual · B = business need / good practice.
A23: • | B23: Control names here are short paraphrases. Keep your licensed copy of ISO/IEC 27001 and 27002 next to this sheet for the exact wording and guidance.
A24: • | B24: Auditors sample controls from this sheet and ask for the evidence in the 'How we do it' column — keep it specific.
A26: Sheets
A27: SoA 27001 | B27: Status values: Implemented · Partially implemented · Planned · Not implemented · Excluded. R = treats a risk in IMS-REG-002 · L = legal/regulatory · C = contractual · B = business need / good practice
A28: Summary | B28: Counts update automatically from the SoA sheet.
A29: Approval | B29: The SoA is approved by top management together with the risk treatment plan and residual risks (clause 6.1.3 f).

Sheet SoA 27001
A1: Statement of Applicability — ISO/IEC 27001:2022 Annex A
A2: Status values: Implemented · Partially implemented · Planned · Not implemented · Excluded. R = treats a risk in IMS-REG-002 · L = legal/regulatory · C = contractual · B = business need / good practice
A4: Control | B4: Control (short name) | C4: Theme | D4: Applicable? | E4: Reason | F4: Linked risks | G4: Status | H4: How we do it / evidence | I4: Control owner
A5: 5.1 | B5: Policies for information security | C5: Organisational | D5: Yes | E5: R,C,B | F5: All | G5: Implemented | H5: IMS-POL-001 top-level policy plus topic policies POL-002 to POL-006; annual review by the Trust Council. | I5: CISO
A6: 5.2 | B6: Information security roles and responsibilities | C6: Organisational | D6: Yes | E6: B | F6: All | G6: Implemented | H6: Roles, committees and RACI in IMS-GOV-001; security duties in job descriptions. | I6: CEO
A7: 5.3 | B7: Segregation of duties | C7: Organisational | D7: Yes | E7: R | F7: RSK-IS-002 | G7: Implemented | H7: Code review by a second engineer; production deploy only via pipeline; combined startup roles listed with compensating checks in IMS-GOV-001. | I7: CTO
A8: 5.4 | B8: Management responsibilities | C8: Organisational | D8: Yes | E8: B | F8: All | G8: Implemented | H8: Managers confirm team training and policy acknowledgement each quarter. | I8: CEO
A9: 5.5 | B9: Contact with authorities | C9: Organisational | D9: Yes | E9: L | F9: — | G9: Implemented | H9: Contact list for data-protection authorities, UAE TDRA/aeCERT and police kept in IMS-GOV-001. | I9: DPO
A10: 5.6 | B10: Contact with special interest groups | C10: Organisational | D10: Yes | E10: B | F10: — | G10: Implemented | H10: Membership of a security community and an AI-safety practitioner forum; threat-intel feeds. | I10: CISO
A11: 5.7 | B11: Threat intelligence | C11: Organisational | D11: Yes | E11: R | F11: RSK-IS-002, RSK-IS-005 | G11: Implemented | H11: Vendor advisories, dependency alerts and AI-attack research reviewed weekly by the Security Lead. | I11: CISO
A12: 5.8 | B12: Information security in project management | C12: Organisational | D12: Yes | E12: R | F12: RSK-IS-005 | G12: Implemented | H12: Security and AI checklist at the requirements gate of IMS-POL-002. | I12: CTO
A13: 5.9 | B13: Inventory of information and other associated assets | C13: Organisational | D13: Yes | E13: R | F13: All | G13: Implemented | H13: IMS-REG-005 asset and AI system inventory, reviewed quarterly. | I13: CISO
A14: 5.10 | B14: Acceptable use of information and assets | C14: Organisational | D14: Yes | E14: R | F14: RSK-IS-003 | G14: Implemented | H14: IMS-POL-005 including the generative-AI rules; signed on joining. | I14: CISO
A15: 5.11 | B15: Return of assets | C15: Organisational | D15: Yes | E15: R | F15: — | G15: Implemented | H15: Leaver checklist: laptop return or remote wipe confirmed by MDM. | I15: HOP
... A97: 8.34 | B97: Protection of information systems during audit testing | C97: Technological | D97: Yes | E97: B | F97: — | G97: Implemented | H97: Audit and penetration-test access planned, time-boxed and read-only where possible. | I97: CISO

Sheet Summary
A1: Implementation summary
A2: Counts update automatically from the SoA sheet.
A4: Theme | B4: Controls | C4: Applicable | D4: Implemented | E4: Partially implemented | F4: Planned | G4: Excluded | H4: % implemented of applicable
A5: Organisational | B5: =COUNTIF('SoA 27001'!C:C,A5) | C5: =COUNTIFS('SoA 27001'!C:C,A5,'SoA 27001'!D:D,"Yes") | D5: =COUNTIFS('SoA 27001'!C:C,A5,'SoA 27001'!G:G,"Implemented") | E5: =COUNTIFS('SoA 27001'!C:C,A5,'SoA 27001'!G:G,"Partially implemented") | F5: =COUNTIFS('SoA 27001'!C:C,A5,'SoA 27001'!G:G,"Planned") | G5: =COUNTIFS('SoA 27001'!C:C,A5,'SoA 27001'!G:G,"Excluded") | H5: =IF(C5=0,"",ROUND(D5/C5*100,0)&"%")
A6: People | B6: =COUNTIF('SoA 27001'!C:C,A6) | C6: =COUNTIFS('SoA 27001'!C:C,A6,'SoA 27001'!D:D,"Yes") | D6: =COUNTIFS('SoA 27001'!C:C,A6,'SoA 27001'!G:G,"Implemented") | E6: =COUNTIFS('SoA 27001'!C:C,A6,'SoA 27001'!G:G,"Partially implemented") | F6: =COUNTIFS('SoA 27001'!C:C,A6,'SoA 27001'!G:G,"Planned") | G6: =COUNTIFS('SoA 27001'!C:C,A6,'SoA 27001'!G:G,"Excluded") | H6: =IF(C6=0,"",ROUND(D6/C6*100,0)&"%")
A7: Physical | B7: =COUNTIF('SoA 27001'!C:C,A7) | C7: =COUNTIFS('SoA 27001'!C:C,A7,'SoA 27001'!D:D,"Yes") | D7: =COUNTIFS('SoA 27001'!C:C,A7,'SoA 27001'!G:G,"Implemented") | E7: =COUNTIFS('SoA 27001'!C:C,A7,'SoA 27001'!G:G,"Partially implemented") | F7: =COUNTIFS('SoA 27001'!C:C,A7,'SoA 27001'!G:G,"Planned") | G7: =COUNTIFS('SoA 27001'!C:C,A7,'SoA 27001'!G:G,"Excluded") | H7: =IF(C7=0,"",ROUND(D7/C7*100,0)&"%")
A8: Technological | B8: =COUNTIF('SoA 27001'!C:C,A8) | C8: =COUNTIFS('SoA 27001'!C:C,A8,'SoA 27001'!D:D,"Yes") | D8: =COUNTIFS('SoA 27001'!C:C,A8,'SoA 27001'!G:G,"Implemented") | E8: =COUNTIFS('SoA 27001'!C:C,A8,'SoA 27001'!G:G,"Partially implemented") | F8: =COUNTIFS('SoA 27001'!C:C,A8,'SoA 27001'!G:G,"Planned") | G8: =COUNTIFS('SoA 27001'!C:C,A8,'SoA 27001'!G:G,"Excluded") | H8: =IF(C8=0,"",ROUND(D8/C8*100,0)&"%")
A9: Total | B9: =SUM(B5:B8) | C9: =SUM(C5:C8) | D9: =SUM(D5:D8) | E9: =SUM(E5:E8) | F9: =SUM(F5:F8) | G9: =SUM(G5:G8) | H9: =IF(C9=0,"",ROUND(D9/C9*100,0)&"%")

Sheet Approval
A1: SoA approval
A2: The SoA is approved by top management together with the risk treatment plan and residual risks (clause 6.1.3 f).
A4: Version | B4: Date | C4: Approved by | D4: Decision | E4: Signature
A5: 2.0 | B5: 2026-10-21 | C5: [CEO] for the Trust Council | D5: Approved together with residual risks in IMS-REG-002 | E5: [signature]
